nova_id,nova_cluster_id,nova_product_type,nova_category,nova_brand,nova_storage_capacity,nova_memory_type,nova_interface,nova_memory_speed,nova_color,nova_model,nova_processor
nova_0,3041,,,,,,,,,,
nova_1,3116,,,,,['ddr4 ddr3l controller'],['6MB'],"['No', '3.8GHz', 'DDR4 - 2133 / DDR3L - 1600']",,,"['Intel HD 630', 'I5 7600K']"
nova_2,3681,['lifetime warranty'],,['ddr4'],,,,"['3200mhz', 'XMP 2.0, Dominator Platinum Heatsink, Corsair Link Enabled', 'DDR4 (PC4-25600)']",,,
nova_3,4943,,,,,,,['DDR4 (PC4-17000)'],,,
nova_4,6926,,,,,,,,['tx'],,
nova_5,7417,,,,,['ddr4 2 x usb3'],,,,,['i5 i3 6th gen atx']
nova_6,9820,,,,['24 4'],,,,,,
nova_7,11029,['processor support'],,['ssi'],,"['ddr4 sdram', 'supported dimm udimm rdimm 8']",,,,,
nova_8,12405,,,['4096'],,,,,,['26 2tflops fp16 13 1tflops fp32'],
nova_9,13534,['desktop computer'],,['usb'],,,,,,,
nova_10,13877,,,['pci express'],,,,,,,
nova_11,13883,,,,,,,"['XMP, Vengeance LP Heatsink', 'DDR3 (PC3-12800)']",,,
nova_12,13914,,,,['16 tb'],['ddr3 sdram serial ata'],,,,,['d2700 dual core 2 core']
nova_13,15193,['2 year warranty'],,['mini itx'],,,,,,,
nova_14,17773,,,,,,,['DDR4 (PC4-17000)'],,,
nova_15,17987,['tx'],,,"['4 x rj', '20 x rj']",,,,,,
nova_16,20073,,,['i7'],,['ddr4 4 x usb3 4 x usb2 4 x sata3 1 x pcie x16 2 x pcie x1'],,,,,['i5 i3 6th gen micro atx']
nova_17,20883,,,,"['12 tb', '3 tb']",['ddr3 sdram serial ata 600 raid supported 0'],,,,,['intel atom d2700 dual core 2 core']
nova_18,23357,['panel water cooler support no psu'],,,,,,,['Black'],['Obsidian Series 250D'],
nova_19,25397,['profile sleeved cables'],,['750'],,,,,,,
nova_20,26617,,,,['10 x network rj 45 ports 4 x expansion slots 10gbase t 10gbase x shared sfp slot 4 x sfp slots 2'],,,,['layer supported'],,
nova_21,27626,"['and below', 'side panel full', 'support no psu']",,['atx'],,,,,['Black'],['Storm-P28'],
nova_22,28472,,,['ddr4'],,,,"['3200mhz', 'DDR4 (PC4-25600)', 'XMP 2.0, Vengeance LPX Heatsink']",['lifetime warranty'],,
nova_23,29892,,,"['quad core technology', 'quad core technology']",,"['ddr4 controller', 'ddr4 controller']",,"['4.3GHz', '4.3GHz']",,,"['I7 7740X', 'I7 7740X']"
nova_24,30222,,,['Crucial'],,['Unbuffered'],,,,,
nova_25,32107,,,,['2666mhz ram'],,,"['DDR4 (PC4-21300)', 'XMP 2.0, Vengeance LPX Heatsink']",['lifetime warranty'],,
nova_26,32127,,['lifetime warranty'],,,['speed'],,['DDR4 (PC4-17000)'],,,
nova_27,33463,['desktop rack mountable'],,,,,,,,,
nova_28,33840,,,['size'],,,,,"['Red, White Or Blue']",,
nova_29,34641,,,['i7'],,,,,,,['i5 i3 4th gen mini itx']
nova_30,35654,,,,['2560 x 1440'],,['usb 88 w'],,,,
nova_31,36095,['intel xeon'],,,,['ddr3 sdram serial ata 600 raid supported 0'],,,,,
nova_32,36683,,,,,['104 65cfm max 40 dba max 5 year warranty'],,,,['Hydro Series H115i'],
nova_33,37368,,,,,,,,,,['i5 i3 7th gen micro atx']
nova_34,37887,,,,,['ddr4'],,,,,
nova_35,40869,"['60320 c19', 'jumper']",,,,,['60320 c13 2 x iec'],,,,
nova_36,41568,"['and below', 'support silent no psu']",,,,,,,,,
nova_37,41903,,,,,,,,,,['amd socket']
nova_38,43099,"['and below', 'side panel water cooler support full']",,['xl atx'],,,,,['White + Black Trim'],['Graphite 780T'],
nova_39,43451,,,,['1920 x 1080'],,['hdmi'],,,,
nova_40,46900,['warranty'],,['quad core technology'],,['ddr4 ddr3l controller'],['8MB'],"['DDR4-1866/2133, DDR3L-1333/1600 @ 1.35V', 'No', '3.4GHz']",,,"['Intel HD 530', 'I7 6700']"
nova_41,48996,,,,,['up 1100rpm'],,,,['MFY-F2DN-11NPC-R1'],
nova_42,51801,,,,,['ddr4 ddr3l controller'],['8MB'],"['DDR4-1866/2133, DDR3L-1333/1600 @ 1.35V', '3.6GHz', 'No']",,,"['I7 7700', 'Intel HD 630']"
nova_43,54922,['1 x processor support'],,,,['ddr3 sdram maximum ram o c'],,,,,
nova_44,56456,,,['3200mhz ram'],,,,"['XMP 2.0, Vengeance LPX Heatsink', 'DDR4 (PC4-25600)']",['lifetime warranty'],,
nova_45,57290,,,['ryzen 5'],,,,['3.20GHz'],,,"['1400 4c', 'Amd Ryzen™']"
nova_46,58515,,,,,['ddr4'],,"['XMP 2.0, Anodized Aluminium Heatspreader', 'DDR4 (PC4-25600)']",,,
nova_47,59044,['cores'],,['cpu cores'],,,['8ghz max turbo'],,,,
nova_48,63531,['lifetime warranty'],,,,,,"['1600mhz', 'DDR3 (PC3-12800)', 'XMP, XMS3 Heatsink']",,,
nova_49,63947,['year warranty'],,,,,,,,,
nova_50,64089,"['and below', 'side panel water cooler support full', 'support silent no psu']",,['atx'],,,,,['Black'],"['gpu', 'Carbide 100R Silent Edition']",
nova_51,64570,,,['2560 x 1440'],,,,,['black'],,
nova_52,65043,,,[],,,,,,,
nova_53,65645,['b250 chipset'],,['atx'],,,['2 x m 2 2 x pci e 3 0 x16'],,['way crossfirex'],,
nova_54,66196,['support no psu'],,['mini itx'],,,,,['Black'],"['gpu', 'Elite 130']",
nova_55,66894,,,,,,,,,,['i5 i3 7th gen atx']
nova_56,67722,['black'],,['up to'],,['61 cm 24'],,,,,
nova_57,68452,"['raid supported', '45']",,,"['1 tb', '500 gb']",,,,,['network rj'],
nova_58,69938,,,,,,,"['2666mhz', 'Intel XMP 2.0 Memory Profile, Vengeance LPX Heat Spreader', 'DDR4 (PC4-21300)']",['lifetime warranty'],,
nova_59,69949,['z170 chipset'],,['atx'],,,['1 x pci e 3 0 x16'],,,,
nova_60,70222,,,,,['ddr4'],,,,,
nova_61,70367,,,['2 x antenna s'],,,,,['rj 45'],,
nova_62,73679,['spill'],,,['120 v dc lead acid'],,,,,,
nova_63,75210,,,,,,['usb 4 x dvi d video 1u rack'],,,,
nova_64,79457,,,['ddr4'],,,,"['2666mhz', 'XMP 2.0, Vengeance LPX Heatsink', 'DDR4 (PC4-21300)']",['lifetime warranty'],,
nova_65,82284,,,,,,,"['DDR3 (PC3-12800)', 'XMP, Vengeance Pro Heatsink']",,,
nova_66,83931,['warranty'],,,,['ddr4 ddr3l controller'],['6MB'],"['DDR4 - 2133 / DDR3L - 1600', 'No', '3.5GHz']",,,"['I5 6600K', 'Intel HD 350']"
nova_67,84721,"['radiator mount', 'year warranty']",,['280mm'],,,,,,['Hydro Series H110i'],
nova_68,84945,['year warranty'],,,,,,,,,
nova_69,86732,"['and below', 'side panel water cooler support full']",,,,,,,['Black'],['Graphite 780T'],
nova_70,87656,,,[],,,,,,,
nova_71,88058,,,['ryzen 5'],,,,['3.60GHz'],,,"['4c', 'Amd Ryzen™']"
nova_72,88353,['warranty'],,['ddr4'],,['cl17'],,"['2400mhz', 'DDR4 (PC4-19200)']",,,
nova_73,89429,['video'],,['ssi'],['1 tb'],['ddr4 sdram'],,,,['eeb 2 x processor support'],
nova_74,90867,,,[],,,,,,,
nova_75,91590,"['and below', 'side panel water cooler support full', 'support modular', 'no psu']",,['atx'],,,,,,,
nova_76,91750,,,['ddr4'],,,,"['2400mhz', 'XMP 2.0, Vengeance LPX Heatsink', 'DDR4 (PC4-19200)']",,,
nova_77,92366,,,"['ddr4', 'ddr4']",,,,"['3200mhz', '3200mhz', 'DDR4 (PC4-25600)', 'XMP 2.0, Vengeance LPX Heatsink', 'DDR4 (PC4-25600)', 'XMP 2.0, Vengeance LPX Heatsink']","['lifetime warranty', 'lifetime warranty']",,
nova_78,92731,"['and below', 'side panel water cooler support full', 'support silent no psu']",,['atx'],,,,,,['gpu'],
nova_79,93101,,,,['120 v dc'],,,,,,
nova_80,93924,,,['1600mhz ram'],,,,"['XMP', 'DDR3 (PC3-12800)']",,,
nova_81,96001,['miniitx drive'],,"['motherboard', 'Antec']",,,['external 2 3 5'],,,['NSK3100'],
nova_82,96062,['69 7 cfm'],,,['120mm'],['green led'],,['2000 rpm'],['Green'],['SickleFlo 120'],
nova_83,97691,,,,['24 10'],,['100 1000base t 4 x sfp mini gbic'],,,,
nova_84,98374,['crossfirex'],,['atx'],,,,,,,
nova_85,98621,"['radiator mount', 'year warranty']",,,['120mm'],,,,,['Hydro Series H80i v2'],
nova_86,101004,,,,,,,,['Red'],,
nova_87,101083,,,,['120 v dc'],,,,,,
nova_88,101282,"['all japanese capacitors', 'fan 7 year warranty']",,,,,,,,['Semi-Modular'],
nova_89,102183,,,['intel'],,['tall red led fan'],,,,,
nova_90,103095,['notebook monitor'],,,,,,,,,
nova_91,103298,,,,,,,,"['Red, White Or Blue']",,
nova_92,103518,"['cpu cores', 'cores']",,,,,['4ghz max turbo'],,,,
nova_93,104753,,,['sockets supported'],,,,,,,
nova_94,106101,,,['dual'],,['ddr4 ddr3l controller'],['3MB'],"['DDR4-1866/2400, DDR3L-1333/1600 @ 1.35V', 'No', '3.9GHz']",,,"['Intel HD 630', 'I3 7100']"
nova_95,106592,,,['intel'],,['ddr4 sdram ram'],,,,,['core i7 i7 6700hq 2']
nova_96,107879,['economy mode'],['hour'],['4000 hour'],,,,,,['5000'],
nova_97,108669,['fully modular corsair link enabled 7 year warranty'],,['plus'],,,,,,,
nova_98,109289,,,['superior'],,,,,,,
nova_99,109916,['quad channel'],,['atx'],,['ddr4 3 x pcie 3 0 x16'],,,,,
nova_100,110798,,,,,,,,,,
nova_101,111467,,,,['2560 x 1440 qhd ips'],,,,['black silver'],,
nova_102,112777,,['leak'],['sealed lead acid'],,,,,,,
nova_103,113348,"['z270 chipset', 'nvidia sli crossfirex']",,['atx'],,,,,,,
nova_104,113899,,,,['8 tb'],['ddr3 sdram serial ata'],,,,,['intel atom d2700 dual core 2 core']
nova_105,114308,['bluetooth front camera'],,['intel'],,"['ddr4 sdram', 'intel hd graphics 620 ddr4 sdram']",,,,,['core i5 7th gen i5 7200u']
nova_106,116893,,,[],,,,,,,
nova_107,117675,,,,,,,"['1600mhz', 'DDR3']",['lifetime warranty'],,
nova_108,117679,['and below'],,['xl atx'],,,,,,,
nova_109,117860,,,['quad core technology'],,['ddr3 controller'],['6MB'],"['3.2GHz', 'DDR3-1333/1600', 'No']",,,"['I5 4460', 'Intel HD Graphics 4600']"
nova_110,118519,['warranty'],,,,['ddr4 controller'],,['3.6GHz'],,,"['I3 8100', 'Intel HD 630']"
nova_111,120061,,,['quad core technology'],,['ddr4 ddr3l controller'],['6MB'],"['DDR4-1866/2400, DDR3L-1333/1600 @ 1.35V', '3.0GHz', 'No']",,,"['Intel HD 630', 'I5 7400']"
nova_112,120254,,,['240'],['120mm'],,,,,,
nova_113,121336,,,['3000mhz'],,,,"['Intel XMP 2.0 Memory Profile, Vengeance LPX Heat Spreader', 'DDR4 (PC4-24000)']",['lifetime warranty'],,
nova_114,122129,,['vrla'],['valve'],,,,,,['regulated lead acid'],
nova_115,122322,"['radiator mount', 'pwm fans']",,,['120mm'],,,,,['Hydro Series H75'],
nova_116,122396,['aluminium alloy'],,,,,,,,,
nova_117,125224,,,['write'],,,,,,,
nova_118,129822,,,['ipad'],,,,,,,
nova_119,130212,,,,,,,"['2400mhz', 'DDR4 (PC4-19200)', 'Intel XMP 2.0 Memory Profile, Vengeance LPX Heat Spreader']",,,
nova_120,131099,,,,['24 v dc'],,,,,,
nova_121,133492,,,,['18 x rj 45 10 100 1000base t desktop'],,,,,,
nova_122,134349,"['network 1 x rj 45', 'network patch cable']",,,,,,,,,
nova_123,135489,['plastic'],,,['1 x 120 mm'],,,,,,
nova_124,136028,['2 year'],,,,,,,,,
nova_125,136586,,,['2400mhz ram'],,,,"['XMP 2.0, Vengeance LPX Heatsink', 'DDR4 (PC4-19200)']",,,
nova_126,141137,['lifetime warranty'],,['ddr3'],,,,"['ddr3l 1600mhz', '50v', 'DDR3 (PC3-12800)']",,,
nova_127,141731,"['and below 7', 'watercooling support']",,['atx'],,,,,,,
nova_128,143766,,,['quad core technology'],,['ddr4 controller'],,['4.0GHz'],,,['I5 7640X']
nova_129,143876,,,,,['ddr4 2400 pc4 19200 1 20 v'],,['2400 mhz'],,,
nova_130,144052,,,,,['ddr4 controller'],,['3.7GHz'],,,"['Intel HD 630', 'I7 7800K']"
nova_131,145357,"['and below', 'side panel water cooler support no psu']",,,,,,,['Black'],['Graphite 230T'],
nova_132,147316,,,,,,,"['2666mhz', 'XMP 2.0, Vengeance LPX Heatsink', 'DDR4 (PC4-21300)']",['lifetime warranty'],,
nova_133,148103,,,,['1 x thunderbolt 1 x firewire'],,,,,,
nova_134,150127,,,,,,,"['Vengeance RGB', '32GB (4x8GB)', 'DDR4']",['lifetime warranty'],,
nova_135,150150,['RGB LED Controller'],,['sata powered'],,,['USB connectors (9 Pin)'],,,,
nova_136,150612,,,,,,,"['DDR3 (PC3-12800)', 'XMP, Vengeance LP Heatsink']",,,
nova_137,151053,['lifetime warranty'],,,['4x4gb'],,,"['DDR4 (PC4-27200)', 'Intel XMP 2.0 Memory Profile Dominator DHX Platinum Heatsink Corsair Link Enabled']",,,
nova_138,151079,,,['size'],,,,,['White'],,
nova_139,151336,,,,,['Dual channel DDR3 800/1066/1333/1600MHz/1866MHz'],,"['866mhz', '4.1GHz']",,,"['amd radeontm r7 series graphics quad core technology', 'A10-7890k']"
nova_140,152035,,,['ddr4'],,,,"['3200mhz', 'DDR4 (PC4-27200)', 'XMP 2.0, Anodized Aluminium Heatspreader']",['lifetime warranty'],,
nova_141,152931,,,,,['ddr4 ddr3l controller'],['8MB'],"['No', '4.0GHz', 'DDR4 - 2133 / DDR3L - 1600']",,,"['Intel HD 350', 'I7 6700K']"
nova_142,154118,,,['ddr4'],,,,"['3000mhz', 'XMP 2.0, Vengeance LPX Heatsink', 'DDR4 (PC4-24000)']",['lifetime warranty'],,
nova_143,155041,,,['x poe stack port 5 x expansion slots'],,,,,,,
nova_144,155523,['years'],,,,,,,,,
nova_145,155852,['warranty'],,['quad core technology'],,['ddr4 controller'],,['4.0GHz'],,,"['Intel HD 630', 'I3 8350K']"
nova_146,155861,,,['ryzen a'],,,['series athlon 7th gen matx'],,,,
nova_147,156451,,,['sockets supported'],,,,,,,
nova_148,156518,['vesa mount'],,,,,['m2 brightness 5ms response'],,['time dvi'],,
nova_149,157750,['warranty'],,['quad core technology'],,['ddr4 ddr3l controller'],['6MB'],"['DDR4-1866/2133, DDR3L-1333/1600 @ 1.35V', '3.3GHz', 'No']",,,"['I5 6600', 'Intel HD 530']"
nova_150,157866,,,,,,['port 6 x expansion slots 10'],,['rack mountable'],,
nova_151,158939,,,['desktop'],,,,,,,
nova_152,160388,,,,,['ddr4 ddr3l controller'],['4MB'],['4.2GHz'],,,"['I3 7350K', 'Intel HD 630']"
nova_153,160885,['lifetime'],,['capacity'],,,['USB 3.0 (backward compatible with USB 2.0)'],,['Black/Blue'],,
nova_154,161588,['bronze semi modular 5 year warranty'],,,,,,,,,
nova_155,162120,"['cpu cores', 'cores']",,,,,['8ghz max turbo'],,,,
nova_156,164345,['unlocked multiplier'],,['eight'],,['Dual channel DDR3 800/1066/1333/1600MHz'],['mb l2 cache'],['3.30GHz'],,,['8300']
nova_157,164737,,,['530'],,,,,,,
nova_158,167533,,,['intel'],['8 tb'],['ddr3 sdram raid supported 0'],,,,,
nova_159,169589,['warranty'],,,,['ddr4 ddr3l controller'],['6MB'],"['DDR4-1866/2133, DDR3L-1333/1600 @ 1.35V', '2.7GHz', 'No']",,,"['I5 6400', 'Intel HD 530']"
nova_160,170151,,,['micro atx'],,,,,,,
nova_161,170796,,,['i7'],,['ddr4'],,,,,['i5 i3 7th gen micro atx']
nova_162,172028,,,['marvell'],['8 tb'],['ddr3 sdram serial ata'],['tb'],['ram'],,,
nova_163,172234,,,,['2560 x 1440'],,"['hdmi displayport', 'usb']",,['black silver'],,
nova_164,172894,['rj 45 male'],,['rj'],,,,,,,
nova_165,174468,,,['write'],,,,,['bdxl support'],,
nova_166,176187,,,[],,,,,,,"['Supports dual, single Intel® / AMD processors']"
nova_167,176657,,,['3 hour'],,,['60320 c13 3 x iec'],,,['8 x iec'],
nova_168,178126,,,[],,,,,,,
nova_169,179765,,,['16 9'],,,['000'],,,,
nova_170,180117,,,,['120mm'],,,,,,
nova_171,181888,"['usb 1 x lightning', 'mfi purple']",,,,,,,,,
nova_172,182896,,,"['motherboard', 'BitFenix']",,,,,['White/Silver'],,
nova_173,183361,['rack mountable'],,,['24 x rj 45 4 x expansion slots 10 100 1000base t'],,,,,,
nova_174,186717,['b250 chipset'],,,,,,,,,
nova_175,186803,,,['rev'],,,,,['latches'],,
nova_176,187144,['mpr ii'],,,,,,,,,
nova_177,187351,['year warranty'],,,,,,,,,
nova_178,188351,,,['superior'],,,,,,,
nova_179,189409,['side panel water cooler support full'],,['hptx'],,,,,['Black'],['Obsidian 900D'],
nova_180,191280,"['and below 4', 'watercooling support']",,,,,,,,,
nova_181,191447,['jumper'],,['3 hour'],,,,,,['ac 230 v ac 8 x iec'],
nova_182,191757,"['thermally controlled', 'year warranty']",,,,,,,,['Non-Modular'],
nova_183,193742,['warranty'],,,,['cl17'],,"['2400mhz', 'DDR4 (PC4-19200)']",,,
nova_184,194421,['crossfirex'],,,,,['hdmi rgb'],,,,
nova_185,197725,,,,,,,"['XMP 2.0, Anodized Aluminium Heatspreader', 'DDR4 (PC4-24000)']",['lifetime warranty'],,
nova_186,199068,,,,,['ddr3 sdram serial ata 600 raid supported 0'],,,,,
nova_187,202848,,,['marvell armada'],['12 tb'],['ddr3 sdram serial ata 600 raid supported'],['tb'],['ram'],,,
nova_188,204145,['amd crossfire'],['0x16'],,,['ddr4'],,,,,
nova_189,204227,"['unlocked multiplier', 'unlocked multiplier']",,['six'],,"['Dual channel DDR3 800/1066/1333/1600MHz', 'Dual channel DDR3 800/1066/1333/1600MHz']",,"['4.20GHz', '4.20GHz']",,,"['6350', '6350']"
nova_190,204914,,,['ddr4'],,,,"['XMP 2.0, Vengeance LPX Heatsink', 'DDR4 (PC4-25600)']",['lifetime warranty'],,
nova_191,205989,['and below 7'],,['atx'],,,,,,,
nova_192,207315,,,['ddr4'],,,,"['3600mhz', 'cl18', 'DDR4', '128GB Kit (8 x 16GB)', 'Vengeance RGB']",['lifetime warranty'],,
nova_193,207382,['warranty'],,['dual'],,['ddr4 ddr3l controller'],['6MB'],"['No', '3.7GHz', 'DDR4-1866/2133, DDR3L-1333/1600 @ 1.35V']",,,"['Intel HD 530', 'I3 6100']"
nova_194,207897,,,['pci e'],,,['standard pci e x4 slot'],,,,
nova_195,211475,['unlocked multiplier'],,['quad core technology'],,['Dual channel DDR3 800/1066/1333/1600MHz'],,['3.80GHz'],,,['4300']
nova_196,211568,['warranty'],,,,['ddr4 ddr3l controller'],['4MB'],"['DDR4-1866/2133, DDR3L-1333/1600 @ 1.35V', 'No', '3.8GHz']",,,"['I3 6300', 'Intel HD 530']"
nova_197,213979,['warranty'],,['ddr4'],,,,"['3000mhz', 'DDR4 (PC4-24000)', 'XMP DHX Cooling System']",['enabled lifetime'],,
nova_198,214336,,,['dual'],,['ddr3 sdram serial ata'],,,,,
nova_199,217090,['95w 3 year warranty'],,['eight'],,,,"['0ghz', '3.60GHz']",,,['Amd Ryzen™']
nova_200,219695,,,,['140mm 600 1350rpm 4'],,,,,,
nova_201,220695,,,['capacity'],,,['USB 3.0 (backward compatible with USB 2.0)'],,['Grey'],,
nova_202,220882,['cores'],,['cpu cores'],,,,,,,
nova_203,222076,,,['ddr4'],,['3466mhz'],,"['32GB Kit (4 x 8GB)', 'DDR4', 'Vengeance RGB']",['lifetime warranty'],,
nova_204,222171,,,['capacity'],,,['USB 3.0 (backward compatible with USB 2.0)'],,['Black/Blue'],,
nova_205,222430,,,['sockets 115x'],,,,,,,
nova_206,223363,"['usb 1 x lightning male', 'connector mfi']",,,,,,,,,
nova_207,225000,,,['usb'],,,,,,,
nova_208,225081,,,['learning'],,,,,,,
nova_209,226408,,,['sealed lead acid'],,,,,,,
nova_210,230008,['1 x processor support'],,,,['ddr3 sdram'],,['maximum ram'],,,
nova_211,230345,,,['ddr4'],,,,"['DDR4 (PC4-25600)', 'XMP 2.0, Vengeance LPX Heatsink']",,,
nova_212,231195,['eeb 2 x processor support'],,['ssi'],['1 tb'],['ddr4 sdram'],,,,,
nova_213,231507,,,,,,,"['XMP 2.0, Anodized Aluminium Heatspreader', 'DDR4 (PC4-24000)']",,,
nova_214,232876,,,['size'],,,,,['Red LED'],,
nova_215,234720,,,,['120mm'],,,,['Blue'],,
nova_216,235598,,,['430w'],,,,,['year warranty'],,
nova_217,237635,['microatx atx e atx'],,"['motherboard', 'Corsair']",,,,,,"['support mini itx', '760T']",
nova_218,240301,,,,,,,,,['Non-Modular'],
nova_219,242809,"['ups network management card', 'monitoring and control', 'browser command line']",,,,,['ups via web'],,,,
nova_220,243327,['lifetime warranty'],,"['ddr4', 'Crucial']",,"['cl17', 'Unbuffered']",,"['2400mhz', '20v']",,,
nova_221,244122,,,['8'],,,['100 1000base t'],,['desktop'],,
nova_222,245410,,,['deep sea marina'],,,,,,,
nova_223,245892,['and below 2 x 3 5 3 x 2 5'],,,,,,,,,
nova_224,247425,"['radiator mount', 'pwm fans']",,['240'],,['2700 rpm'],,['73cfm max 37 7'],,['Hydro Series H105'],
nova_225,248610,['and below'],,,,,,,['Black'],['VSK2000-U3'],
nova_226,250304,['customisable'],,,,,,,['RGB (Red/Green/Blue Customisable)'],,
nova_227,252470,['customisable'],,,,,,,['RGB (Red/Green/Blue Customisable)'],,
nova_228,253254,['optical fiber'],,,,,,,,,
nova_229,254250,['year warranty'],,,,,,,,,
nova_230,254479,,,['thin'],,,,,,,
nova_231,255346,['titanium fully modular corsair link'],,['plus'],,,,,,,
nova_232,257081,['warranty'],,,,,,,,,
nova_233,258060,,,,['120mm'],,,,,,
nova_234,259436,['year warranty'],,,,,,,,['Hydro Series H100i v2'],
nova_235,260778,['and below'],,,,,,,,,
nova_236,262434,"['side panel water cooler support full', 'support no psu']",,['corsair'],,,,,['Black'],"['obsidian series 750d', 'Obsidian 750D']",
nova_237,263029,['desktop'],,,['24 x'],,['x rj 45'],,,,
nova_238,263643,"['support mini itx', 'microatx drive']",,"['motherboard', 'BitFenix']",,,,,['Black'],,['bays']
nova_239,264758,,,['angle'],,,"['aspect 1600x900', 'm2 brightness 5ms response', 'black china rohs china energ']",,['year warranty'],['1920 x 1080'],
nova_240,267626,,,,,,,"['DDR4 (PC4-24000)', 'XMP 2.0, Vengeance LPX Heatsink']",['lifetime warranty'],,
nova_241,274071,,,['1920 x 1080'],['16 9'],,,,,,
nova_242,274318,['hdmi 2x'],,,['1920 x 1080'],,,,,,
nova_243,276306,,,,,"['ddr4 sdram', 'ddr4 2400 pc4 19200 1 20 v']",,['2400 mhz'],,,
nova_244,276354,['bronze semi modular 3 year warranty'],,,,,,,,,
nova_245,276872,,,,['24 tb'],['ddr3 sdram serial ata'],,,,,
nova_246,277061,,,['sealed lead acid'],,,,,,,
nova_247,278206,['quad channel'],,,,['ddr4 4 x pcie 3 0 x16'],,,,,
nova_248,278247,"['unlocked multiplier', 'unlocked multiplier', 'unlocked multiplier', 'unlocked multiplier']",,,,"['Dual channel DDR3 800/1066/1333/1600MHz', 'Dual channel DDR3 800/1066/1333/1600MHz']",,"['4.00GHz', '4.00GHz']",,,"['8370', '8370']"
nova_249,279422,,,['ddr4'],,,,"['3000mhz', 'XMP 2.0, Anodized Aluminium Heatspreader', 'DDR4 (PC4-24000)']",['lifetime warranty'],,
nova_250,280495,['lifetime warranty'],,"['ddr4', 'Crucial']",,"['cl17', 'Unbuffered']",,"['2400mhz', '20v']",,,
nova_251,281341,,,,,,['usb parallel'],['203dpi'],,,
nova_252,281602,,,,,['ddr4'],,,,,
nova_253,281798,,,,,"['128 graphics cores', 'Dual channel DDR3 800/1066/1333/1600MHz/1866MHz']",,"['800mhz', '3.8GHz']",,,"['amd radeontm hd', 'A4-7300']"
nova_254,284206,,,,,,,,,,
nova_255,284375,,,,,,,"['Compact Flash (CF I, CF II, Ultra, Extreme, I-Pro, Ultimate, MD) Memory Stick (MS Pro, MS Pro Duo, Magic Gate, Extreme, Ultra) Secure Digital (SDXC, SDHC, SD, Ultra, Extreme, Elite Pro, High Speed, MMC, MMC Mobile) 64GByte for SDXC 32GByte for SDHC Extreme Digital (X card, Type H, Type M) M2 (Memory Stick Micro M2) microSD (microSDHC, High Capacity)']",,,
nova_256,285905,,,['amd radeontm r7'],,['Dual channel DDR3 800/1066/1333/1600MHz/1866MHz'],['384 graphics cores'],"['720mhz', '3.5GHz']",,,['A10-7770K']
nova_257,287312,"['radiator mount', 'year warranty']",,,,['1700 rpm'],,,,['Hydro Series H55'],
nova_258,289731,,,['atx'],,,,,,,
nova_259,290339,,,,,,,,,['Hyper 212 EVO'],
nova_260,291845,,,,['802 11'],,"['100', '1 x wan port 2 x usb 6']",,,,
nova_261,293174,['warranty'],,['1333mhz ram'],,,,"['XMP, XMS3 Heatsink', 'DDR3 (PC3-10600)']",['vdimm lifetime'],,
nova_262,293983,['lp bracket'],,['902mhz'],,,,,['year warranty'],,
nova_263,295227,['resistant scratch resistant aluminium'],,['dust'],,,,,,,
nova_264,295981,,,,['32gb'],,,,,,
nova_265,296762,"['and below', 'side panel water cooler support full', 'support no psu']",,['atx'],,,,,['Military Green'],['Vengeance C70'],
nova_266,298834,"['certified tempered glass', 'side panel water cooler support full', 'support no psu']",,,,,,,['Black'],"['gpu', 'Aurora']",
nova_267,299715,,['back lit'],['keys wired'],,,,,,['usb 2 0'],
nova_268,302610,,,,['32 gb'],['510 lpddr3 chrome'],,,,['1366 x 768'],['intel celeron 3855u dual core 2 core']
nova_269,305414,,,['rev'],,,,,,,
nova_270,306209,,,['rev'],,,,,,,
nova_271,307669,,,,['120mm'],,,,['White'],,
nova_272,309255,"['and below', 'side panel water cooler support full', 'support no psu']",,,,,,,['Black'],['Carbide 600C'],
nova_273,312733,,,,['28 x rj 45 4 x expansion slots 10 100 1000base t'],,,,,,
nova_274,314191,['warranty'],,['ddr4'],,,,['DDR4 (PC4-17000)'],,,
nova_275,316870,,,,,"['ddr4 sdram', 'ddr4 2400 pc4 19200 1 20 v']",,['2400 mhz'],,,
nova_276,317130,,,,,,['USB 3.0 (backward compatible with USB 2.0)'],,['Grey'],,
nova_277,319952,,,,['8 x rj 45 2 x expansion slots 10 100 1000base t'],,,,,,
nova_278,321977,['radiator mttf'],,,['120mm'],,,,,,
nova_279,323944,,,,,,,,,,
nova_280,325811,,,,,,"['2 x expansion slot', 'optical fiber 10 gigabit ethernet']",,['layer supported'],,
nova_281,326104,,,['ryzen 5'],,,,['3.40GHz'],,,['Amd Ryzen™']
nova_282,327895,,,['Crucial'],,['Unbuffered'],,,,,
nova_283,328061,,,,,['ddr3 1866 pc3 14900'],,['1866 mhz'],,,
nova_284,328644,,,['ddr4'],,,,"['3600mhz', 'cl18', 'Vengeance RGB', '16GB Kit (2 x 8GB)', 'DDR4']",['lifetime warranty'],,
nova_285,329234,,,,"['1 x', '32 tb']",['ddr3 sdram serial ata'],,,,,['intel atom d2700 dual core 2 core']
nova_286,331405,,,,,['ddr4'],,,,,['i5 i3 7th gen micro atx']
nova_287,333541,,,['intel'],['32 gb'],['ddr3 sdram'],,,,,
nova_288,337605,,,,,['500'],,,,,
nova_289,338649,,,,,['gigabit ethernet'],,,,,
nova_290,339358,,,,,,,"['XMP 2.0, Anodized Aluminium Heatspreader', 'DDR4 (PC4-24000)']",,,
nova_291,341475,,,,,['ddr3 1866 pc3 14900'],,['1866 mhz'],,,
nova_292,344094,,,['ddr4'],,,,"['XMP 2.0, Vengeance LPX Heatsink', 'DDR4 (PC4-21300)']",,,
nova_293,346902,,,['i7'],,['ddr4 4 x usb3'],,,,,['i5 i3 6th gen mini itx']
nova_294,347182,['quad channel'],,,,['ddr4 3 x pcie 3 0 x16'],,,,,
nova_295,347607,,,['core'],,['ddr4 2 x usb3'],,,,,
nova_296,350235,"['and below', 'side panel water cooler support']",,,,,,,['Black'],['Carbide Air 240'],
nova_297,352362,,,['1920 x 1080'],['16 9'],,,,,,
nova_298,352905,,,,['16 9'],,['black'],,['mpr ii'],,
nova_299,353330,['customisable'],,,,,,,['RGB (Red/Green/Blue Customisable)'],,
nova_300,354421,,,,,['ddr3 sdram serial ata'],,,,,
nova_301,354624,['1 x 200mm'],,,,,,,,,
nova_302,354663,"['usb 2 6x', 'way crossfire']",,['i7'],,['ddr4 6x'],['usb 3 0 6x'],,,,['i5 i3 7th gen atx']
nova_303,355117,"['unlocked multiplier', 'warranty']",,['six'],,['Dual channel DDR3 800/1066/1333/1600MHz'],,['3.50GHz'],,,['6300 Black Edition']
nova_304,357702,['warranty'],,['ddr3'],,,,"['2400mhz', 'XMP, Vengeance Pro Heatsink', 'DDR3 (PC3-19200)']",,,
nova_305,357712,"['quad channel', 'warranty']",,['core technology'],,['ddr4 controller'],,['3.5GHz'],,,['I7 7800X']
nova_306,358012,['year warranty'],,['800mhz'],,,,['DDR2 (PC2-6400)'],,,
nova_307,360727,,['lifetime warranty'],,['2133mhz ram'],,,['DDR4 (PC4-17000)'],,,
nova_308,361893,,,['ddr4'],,,,"['2666mhz', 'DDR4 (PC4-21300)', 'XMP 2.0, Vengeance LPX Heatsink']",['lifetime warranty'],,
nova_309,363268,,,,,['ddr3 4 x usb3'],,,,,
nova_310,363343,,,['support sockets'],,,,,,['HYPER 612 Ver. 2'],
nova_311,364445,,,,['92mm'],,,,,,
nova_312,365550,['usb'],,,,,,,,,
nova_313,367688,,,['40 mm s'],,,,['203dpi'],,,
nova_314,369716,,['vrla'],['valve'],,,,,,['hot swappable'],
nova_315,369743,['gpu clock'],,['quad core'],,['Dual channel DDR3 800/1066/1333/1600MHz/1866MHz'],,['3.6GHz'],,,"['radeon r7 757mhz', 'A10-7860K']"
nova_316,375055,,,['2 x antenna s'],,,['desktop'],,,,
nova_317,375113,,,,,,,,,['Hyper 212X'],
nova_318,375324,['warranty'],,,,['ddr3 controller'],['3MB'],"['3.7GHz', 'DDR3-1333/1600', 'No']",,,"['I3 4170', 'Intel HD Graphics 4400']"
nova_319,376817,"['z270 chipset', 'nvidia sli crossfirex']",,['atx'],,,,,,,
nova_320,378995,['marvell armada'],,,['4 tb'],['ddr3 sdram raid supported 0'],['tb'],['ram'],,,
nova_321,379274,,,['multiple'],,,,,,,['amd radeon vega base graphics cards']
nova_322,382056,['warranty'],,,,['ddr4'],,['DDR4 (PC4-17000)'],,,
nova_323,382267,['maintenance free'],,['0'],,,,,,,
nova_324,382860,,,,['1920 x 1080'],,,,,,
nova_325,384181,['lifetime warranty'],,,['1600mhz ram'],,,"['DDR3 (PC3-12800)', 'XMP, Vengeance Heatsink']",,,
nova_326,385888,,,,['ddr4 3200mhz'],,,"['XMP 2.0, Anodized Aluminium Heatspreader', 'DDR4 (PC4-25600)']",,,
nova_327,387338,,,['ddr4'],,,,"['2400mhz', 'XMP 2.0, Vengeance LPX Heatsink', 'DDR4 (PC4-19200)']",,,
nova_328,387949,['lifetime warranty'],,,,,,"['ddr3l 1600mhz', 'DDR3L']",,,
nova_329,390726,['warranty'],,['ddr4'],,['cl17'],,['2400mhz'],,,
nova_330,391452,,,['polyurethane'],,,,,,,
nova_331,391727,['dual channel'],,,,['ddr4 3 x pcie 3 0 x16'],,,,,
nova_332,392925,,,['marvell'],,['ddr3 sdram serial ata 600 raid supported'],,,,,
nova_333,394664,['jumper'],,['3 hour'],,,"['x iec', '60320 c13 2 x iec']",,,,
nova_334,394729,,,['1'],,,,,,,
nova_335,395741,['notebook scroll wheel'],,,,,,,,['4000 dpi'],
nova_336,395902,,,['1600mhz ram'],,['vdimm'],,['35v'],,,
nova_337,396182,,,['capacity'],,,['USB 2.0'],,"['warranty lifetime', 'Black/Blue']",,
nova_338,396324,,,['capacity'],['128gb'],,['USB 3.0 (backward compatible with USB 2.0)'],,['Black/Blue'],,
nova_339,397184,,,,,['ddr3 sdram serial ata'],,,,,
nova_340,397948,,,['i7'],,['ddr4 2 x usb3'],,,,,['i5 i3 7th gen atx']
nova_341,398113,"['all japanese capacitors', 'fan 7 year warranty']",,,,,,,,['Semi-Modular'],
nova_342,398716,,,['sockets supported'],,,,,,,
nova_343,399739,,,,['140mm'],,,,['White'],,
nova_344,399812,['5 year'],['layer supported'],,,,,,,,
nova_345,402748,,,['velvet fabric'],,,,,,,
nova_346,403133,,,['am3'],,['ddr3 4 x usb3 10 x usb2 5 x sata3 1 x esata3 2 x pcie x16 2 x pcie x1 2 x pci crossfirex'],,,,,
nova_347,407072,,,['adjustable'],,,,,,['1920 x 1080'],
nova_348,408215,['b250 chipset'],,,,,['2 x m 2 2 x pci e 3 0 x16'],,['way crossfirex'],,
nova_349,409402,['warranty'],,,,['ddr4 ddr3l controller'],['8MB'],"['DDR4 - 2133 / DDR3L - 1600', 'No', '4.0GHz']",,,"['Intel HD 530', 'I7 6700K']"
nova_350,414102,['and below'],,,,,,,,,
nova_351,416619,,,['atx'],,,['2 x m 2 2 x pci e 3 0 x16'],,['way crossfirex'],,
nova_352,418405,,,['aniline leather'],,,,,,,
nova_353,424364,"['core technology', 'quad channel', 'warranty']",,['eight'],,['ddr4 controller'],,['3.6GHz'],,,['I7 7820X']
nova_354,424897,,,['displays'],,,,,['year warranty'],,
nova_355,426331,"['and below', 'side panel water cooler support no psu']",,['micro atx'],,,,,['Black'],['Carbide 88R'],
nova_356,427804,['mini itx led strip fan controller tempered glass'],,['usb'],,,,,['red accents'],,
nova_357,431039,,,['intel'],,,,,,['MAY-T3PN-930PK-R1'],['amd am3']
nova_358,434441,['usb port s'],,,"['16 tb', '4 tb']",['ddr3 sdram raid supported 0'],,,,,
nova_359,434442,['7 expansion slots'],,['atx'],,"['Mini-ITX, microATX, ATX']",,,,['RC-902XB-KKN2 (mesh version)'],
nova_360,434592,,,['marvell armada'],,['ddr3 sdram serial ata'],,,,,
nova_361,437614,,,,['8 tb'],['ddr3 sdram serial ata'],,,,,['intel atom d2700 dual core 2 core']
nova_362,438131,['tx'],,,,,,,,,
nova_363,445101,['processors pcie'],,['dpfp'],,['spfp 13 9 tflops'],,,['year warranty'],['870 gflops'],
nova_364,445354,,,['atx'],,['ddr4'],,,,,
nova_365,447765,,,['atx'],,,,,,['ddr4'],
nova_366,448278,,,,['200mm 110 cfm'],['700 rpm'],,,['Blue'],['MegaFlow 200'],
nova_367,451965,['docking and clone station'],,,,,['usb 3 0'],,,,
nova_368,453176,"['and below', 'side panel water cooler support full']",,,,,,,['Black'],['Carbide Air 540'],
nova_369,454571,,,,,,,,,['Non-Modular'],
nova_370,457187,['front camera'],['bluetooth'],['intel'],,,['2 x usb 3 0 ports'],,,['ieee 802 11a b'],
nova_371,457703,,,['ddr4'],,,,"['2666mhz', 'DDR4 PC4-21300', 'White Led, XMP 2.0']",['lifetime warranty'],,
nova_372,461067,['fully modular corsair link enabled 7 year warranty'],,['plus'],,,,,,,
nova_373,461089,,,,['16 x rj 45'],,,,['tx'],,
nova_374,461564,,,['ddr4'],,,,"['2400mhz', 'DDR4 PC4-19200']",,,
nova_375,462842,,,['ddr4'],,,,"['2666mhz', 'RED Led, XMP 2.0', 'DDR4 PC4-21300']",['lifetime warranty'],,
nova_376,468774,,,['intel xeon'],['12 tb'],['ddr3 sdram raid supported 0'],['x 3 tb'],,,,
nova_377,469200,,,[],,,,,,,
nova_378,475426,"['and below 7', 'watercooling support']",,['atx'],,,,,,,
nova_379,475580,['unlocked multiplier'],,['eight'],,['Dual channel DDR3 800/1066/1333/1600MHz'],,['3.50GHz'],,,['8320']
nova_380,478378,,,['ddr4'],,,,"['3000mhz', 'XMP 2.0, Anodized Aluminium Heatspreader', 'DDR4 (PC4-24000)']",['lifetime warranty'],,
nova_381,478554,"['core technology', 'quad channel']",,['eight'],,['ddr4 controller'],,['3.6GHz'],,,['I7 7820X']
nova_382,481086,,,['aluminium alloy'],,,,,,,
nova_383,487452,['jumper spike lightning'],,['sealed lead acid'],,,,,,['60320 c13 surge'],
nova_384,487524,['usb 1 x hd'],,,,,"['usb 1 x type c', 'usb supports', 'up to1920 x 1080 mfi']",,,,
nova_385,489652,,,,,,,,,,
nova_386,490022,,,['corsair'],,,,,,['hydro series'],
nova_387,491518,['processors pcie'],,['dpfp'],,['spfp 13 9 tflops'],,,['year warranty'],,
nova_388,492013,"['and below', 'side panel water cooler support full', 'support no psu']",,['atx'],,,,,['Black'],"['gpu', 'Carbide 200R']",
nova_389,494314,,,['hexa'],,['ddr4'],['15MB'],"['2400 mhz', 'DDR4 – 1600/1866/2133/2400', '3.6GHz', 'Yes']",,,['Xeon E5 1650 V4']
nova_390,501790,,,,,,['x rj 45 2 x expansion slots 10'],,,,
nova_391,502282,,,,,,,,['Red'],,
nova_392,505997,,,['ddr4'],,,,"['3000mhz', 'XMP 2.0, Anodized Aluminium Heatspreader', 'DDR4 (PC4-24000)']",['lifetime warranty'],,
nova_393,507079,,,['size'],,,,,['Red LED'],,
nova_394,510308,"['usb 1 x type a female', 'usb']",,,,,,,,,
nova_395,510950,['radiator mount'],,['240mm'],,,,,,['Kuhler H1200 Pro'],
nova_396,511663,,,['arm'],,['ddr3 sdram serial ata'],,,,,['dual core 2 core']
nova_397,514898,,,,,,,"['540mb', '540 Mb/s']",,,
nova_398,515471,"['capacity', 'warranty']",,,['64gb'],,['sd'],,['included lifetime'],,
nova_399,516969,['warranty'],,,,,,,,,
nova_400,518431,,,,['140mm 600 1350rpm 4'],,,,,,
nova_401,520009,,,,,['ddr4'],,"['DDR4 (PC4-25600)', 'XMP 2.0, Anodized Aluminium Heatspreader']",,,
nova_402,520331,,,['suitanle'],,,['mini 2 ipad mini 3 tablet ipad mini 4'],,['purple'],,
nova_403,523577,"['water', 'year warranty']",,,,,,,,['support 7 expansion slots 2'],
nova_404,530527,,,,,['ddr4 4 x usb3'],,,,,['i5 i3 6th gen micro atx']
nova_405,533520,['quad channel'],,,,['ddr4 4 x pcie 3 10 x16'],,,,,
nova_406,533603,,,['usb'],,,,,,,
nova_407,533940,,,,,['ddr3 sdram serial ata'],,,,,
nova_408,534083,,,['quad core technology'],,['ddr4 ddr3l controller'],['6MB'],"['No', '3.4GHz', 'DDR4-1866/2400, DDR3L-1333/1600 @ 1.35V']",,,"['I5 7500', 'Intel HD 630']"
nova_409,539792,,,['dual'],,['ddr3 sdram serial ata'],,,,,
nova_410,539795,,,['marvell'],['4 tb'],['ddr3 sdram gigabit ethernet'],['tb'],['ram'],,,
nova_411,540302,['lifetime warranty'],,,,,,"['1600mhz', '5v', 'XMP, Ballistix Tactical Heatsink', 'DDR3 (PC3-12800)']",,,
nova_412,543783,['memory 3 year warranty'],,,,,,,,['sata sas minisas hd pcie 3 0'],
nova_413,548760,,,['1000 mbit s powerline homeplug'],,,,,,,
nova_414,550270,,,['size'],,,,,['Blue'],,
nova_415,552321,,,['1600mhz ram'],,,,"['DDR3 (PC3-12800)', 'XMP, Ballistix Sport Heatsink']",,,
nova_416,552594,,,['sockets supported'],,,,,,,
nova_417,554361,['keyboard mouse video'],,,['2 x 1 2 x hd'],,,,,,
nova_418,554689,,,,,['Dual channel DDR3 800/1066/1333/1600MHz/1866MHz'],['192 graphics cores'],"['800mhz', '3.9GHz']",,,"['amd radeontm hd', 'A6-6400K']"
nova_419,560257,['lifetime warranty'],,,,,,"['cl13', 'XMP 2.0, Vengeance LPX Heatsink', 'DDR4 (PC4-17000)']",,,
nova_420,560625,['60320 c13 2 x iec jumper'],,['hour lead acid'],,,,,,,
nova_421,562915,['lifetime warranty'],,['ddr3'],,,,"['ddr3l 1600mhz', '50v', 'DDR3 (PC3-12800)']",,,
nova_422,563029,,,['sockets supported'],,,,,,['56 81 cfm'],
nova_423,565398,['fully modular'],['rpm'],,,,,,,,
nova_424,565808,,,['octa'],,['ddr4'],['20MB'],"['2400 mhz', '3.4GHz', 'Yes', 'DDR4 – 1600/1866/2133/2400']",,,['Xeon E5 1680 V4']
nova_425,566246,,,,,,['SATA 6Gb/s'],,,,
nova_426,568241,['b250 chipset'],,['atx'],,,['2 x m 2 2 x pci e 3 0 x16'],,['way crossfirex'],,
nova_427,569605,,,['quad core technology'],,['ddr4 controller'],,['4.0GHz'],,,['I5 7640X']
nova_428,573543,,,['i7'],,['ddr4 2 x usb3'],,,,,['i5 i3 6th gen atx']
nova_429,576823,['athlon micro atx'],,['apu'],,['ddr3 4 x usb3 8 x usb2 8 x sata3 2 x pcie x16 1 x pcie x1 1 x pci crossfirex'],,,,,
nova_430,577840,,,,,,['usb parallel serial network'],['203dpi'],,,
nova_431,580592,,,,,,,,,['26 2tflops fp16 13 1tflops fp32'],
nova_432,585989,,,['marvell'],['16 tb'],['ddr3 sdram serial ata 600 raid supported'],,['ram'],,,
nova_433,587259,,,['ddr4'],,,,"['XMP 2.0, Vengeance LPX Heatsink', 'DDR4 (PC4-24000)']",,,
nova_434,590800,['usb 1 x lightning male mfi white'],,,,,,,,,
nova_435,590827,"['usb 1 x lightning male', 'proprietary connector black', 'proprietary connector', 'usb white']",,['1 x lightning male'],,,,,,,
nova_436,595946,"['radiator mount', 'year warranty']",,,['140mm'],,,,,['Hydro Series H90'],
nova_437,596100,,,['intel'],,,,,,"['lga 2066 2011 v3', 'MAY-T4PN-220PK-R1']",['amd am3']
nova_438,598662,['sockets'],,,,,,,,,
nova_439,604121,"['and below', 'side panel water cooler support full']",['led fans included windowed'],,,,,,['Black'],"['gpu', 'Carbide SPEC-03 Red LED']",
nova_440,604280,,,,,,['black'],,,,
nova_441,606358,,,['intel'],['24 tb'],['ddr3 sdram serial ata'],,,,,['atom d2700 dual core 2 core']
nova_442,610055,['gpu clock'],,,,['Dual channel DDR3 800/1066/1333/1600MHz/1866MHz'],['256 graphics cores'],"['756mhz', '3.5GHz']",,,"['amd radeontm r5 graphics dual core technology', 'A6-7400K']"
nova_443,610078,,,['i7'],,['ddr4 2 x usb3'],,,,,['i5 i3 6th gen atx']
nova_444,610925,['computer scroll wheel right handed'],,['usb'],,,,,,,
nova_445,615864,,,['size'],,,,,"['Red, White Or Blue']",,
nova_446,617374,,,,,['sealed lead acid'],['ac 230 v ac 8 x iec'],,,,
nova_447,625947,['mode'],,['uhp'],,,,,,['4500 hour standard 6000'],
nova_448,628526,,,['neoprene'],,,,,,,
nova_449,630386,['maintenance free sealed hot swappable'],,['sealed lead acid'],,,,,,,
nova_450,630453,,,['support'],,,,,,,
nova_451,632434,,,,,,,"['1600 mhz', 'DDR3 (PC3-12800)', 'XMP']",,,
nova_452,632666,,,['8 x poe ports'],,,['10 100base'],,,,
nova_453,632795,['lpdrr3'],,['intel'],,,,,,,
nova_454,634885,['tx'],,,,,,,,,
nova_455,636014,,,['254 mm s'],,,,['203dpi'],,,
nova_456,636041,['warranty'],,,,['ddr3 controller'],['3MB'],"['DDR3-1333/1600', 'No', '3.6GHz']",,,"['dual core technology', 'Intel HD Graphics 4400', 'I3 4160']"
nova_457,637376,['core technology'],,['ten'],,['ddr4 controller'],,['3.3GHz'],,,['I9 7900X']
nova_458,639640,,,['atx'],,,,,,,
nova_459,641585,,['lifetime warranty'],['1600mhz ram'],,['dimm'],,"['50v', 'DDR3 (PC3-10600)']",,,
nova_460,648091,,,['dual'],,['ddr3 sdram serial ata'],,,,,
nova_461,648894,['usb'],,,,,,,,,
nova_462,653454,,,['customisable'],,,,,['RGB (Red/Green/Blue Customisable)'],,
nova_463,658371,['warranty'],,,,['3000mhz'],,"['DDR4 (PC4-24000)', 'XMP 2.0, Dominator Platinum Heatsink, Corsair Link Compatible']",['enabled lifetime'],,
nova_464,661581,"['and below 7', 'watercooling support']",,['atx'],,,,,,,
nova_465,661695,['warranty'],,,,,,['902mhz'],,,
nova_466,662806,,,['ryzen threadripper'],,['180w str4'],,['40mb'],,['1950x 16c'],
nova_467,665409,,,,,['ddr4 ddr3l controller'],['6MB'],"['DDR4-1866/2133, DDR3L-1333/1600 @ 1.35V', 'No', '3.2GHz']",,,"['Intel HD 530', 'I5 6500']"
nova_468,667772,,,,,,['SATA 6Gb/s'],,,,
nova_469,676233,"['unlocked multiplier', 'warranty']",,['six'],,['Dual channel DDR3 800/1066/1333/1600MHz'],,['3.50GHz'],,,['6300 Black Edition']
nova_470,676613,,,,,,,['DDR4 (PC4-17000)'],,,
nova_471,677270,['capacity'],,,['16gb'],,['sd adapter included lifetime warranty'],,,,
nova_472,680019,,,,,,,['200dpi'],,,
nova_473,680688,,,,,,,,"['Three colored rings in red, blue, and white']",,
nova_474,682719,,,['ddr4'],,,,"['2666mhz', 'DDR4 (PC4-21300)', 'XMP 2.0, Vengeance LPX Heatsink']",['lifetime warranty'],,
nova_475,683260,['warranty'],,,,['ddr4 controller'],,['2.8GHz'],,,"['I5 8400', 'Intel HD 630']"
nova_476,683313,,,,,,['260-pin'],['DDR4'],,,
nova_477,685503,,,,['ddr4 3200mhz'],,,"['DDR4 (PC4-25600)', 'XMP 2.0, Vengeance LPX Heatsink']",,,
nova_478,687664,,,,,['ddr4 2 x dimm 1 x pcie 3 0 x16'],,,,,
nova_479,690247,['stack port 5 x expansion slots'],,,,,,,,,
nova_480,693550,,['lifetime warranty'],['1600mhz ram'],,['vdimm'],,['DDR3 (PC3-12800)'],,,
nova_481,697764,['and below 2 x 5'],,['atx'],,,,,,,
nova_482,706094,,,,,,['USB 2.0'],,['Black/Blue'],,
nova_483,714933,,,,,,,,['Red'],,
nova_484,719404,,,['intel'],['32gb'],"['500 ddr3 sdram', 'ddr3 sdram']",,,,,
nova_485,719857,"['coverage leather design', 'film stand keyboard stand']",,['full'],,,,,,,
nova_486,720685,['69 7 cfm'],,,['120mm'],['blue led 3'],,['2000 rpm'],['Blue'],['SickleFlo 120'],
nova_487,722758,,,['quad core technology'],,['ddr4'],['10MB'],"['2400 mhz', 'Yes', 'DDR4 – 1600/1866/2133/2400', '3.5GHz']",,,['Xeon E5 1620 V4']
nova_488,723284,['65w 3 year warranty'],,,,,,"['7ghz', '3.0GHz']",,,['Amd Ryzen™']
nova_489,723670,['modular design'],,['unmatched'],,,,,,,
nova_490,725209,,,['nickel design passive'],,,,,,['of vrm s'],
nova_491,726007,['jumpers'],,,,,,,,,
nova_492,727416,,,['marvell'],['2 tb'],['ddr3 sdram serial ata 600 raid supported'],,['ram'],,,
nova_493,731828,['intel xeon'],,,"['1 x', '36 tb', '3 tb']",['ddr3 sdram serial ata 600 raid supported 0'],,,,,
nova_494,733164,,,,,,,"['XMP 2.0, Vengeance LPX Heatsink', 'DDR4 (PC4-19200)']",,,
nova_495,735576,['jet cabernet'],['neoprene'],,['43 cm'],,,,,,
nova_496,735634,['cores'],,['cpu cores'],,,['8ghz max turbo'],,,,
nova_497,739575,,,['octa'],,['ddr4'],['20MB'],"['DDR4 – 1600/1866/2133/2400', '3.2GHz', 'Yes']",,,['Xeon E5 1660 V4']
nova_498,742565,,,,['16 tb'],['ddr3 sdram serial ata'],,,,,['d2700 dual core 2 core']
nova_499,746563,,,,['120mm'],,,,['Red'],,
nova_500,748467,"['and below', 'and below', 'side panel water cooler support full', 'side panel water cooler support full', 'support no psu', 'support no psu', 'and below', 'and below', 'side panel water cooler support full', 'side panel water cooler support full', 'support no psu', 'support no psu']","['led fans tempered glass', 'led fans tempered glass', 'led fans tempered glass', 'led fans tempered glass']",,,,,,"['Black', 'Black']","['gpu', 'gpu', 'gpu', 'gpu', 'Crystal Series 460X RGB', 'Crystal Series 460X RGB']",
nova_501,749820,"['gpu', 'support silent no psu']",,,,,,,['Black'],['Carbide 400Q V2'],
nova_502,753561,,,['i7'],,['ddr3 4 x usb3 8 x usb2 2 x sata3 2 x sata2'],,,,,['i5 i3 4th gen micro atx']
nova_503,754356,,,[],,,,,,,
nova_504,756327,,,['runs'],,,"['4 10/100/1000Mbps LAN Ports, 1 10/100/1000Mbps WAN Port 1 USB 3.0 Port + 1 USB 2.0 Port']",,['5ghz bands'],,
nova_505,761273,,,['intel'],,,,,,,
nova_506,761460,,,,,,,"['Vengeance RGB', '32GB (2x16GB)', 'DDR4']",,,
nova_507,761516,,,,,,['x rj 45 2 x expansion slots 10'],,,,
nova_508,761807,,['lifetime warranty'],"['ddr3', 'Crucial']",,['Unbuffered'],,"['1600mhz', '35v']",,,
nova_509,763713,,,['polyurethane leather'],,,,,,,
nova_510,766990,,,['sealed lead acid'],,,['ac 230 v ac 4 x iec jumper 2 x iec'],,['60320 c13'],,
nova_511,768759,,,,,['ddr3 sdram serial ata'],,,,,
nova_512,770644,['microatx atx drive bays'],,"['motherboard', 'BitFenix']",,,,,['Black/Blue'],['support mini itx'],
nova_513,770794,,,,['24 x'],,['port 4 x expansion slots 10'],,['tx rack'],,
nova_514,772448,,,['quad core technology'],,['ddr4 ddr3l controller'],['6MB'],"['No', '3.5GHz', 'DDR4-1866/2400, DDR3L-1333/1600 @ 1.35V']",,,"['I5 7600', 'Intel HD 630']"
nova_515,772970,,,,,['support 370'],,,['Tempered Glass'],['Crystal 570x RGB'],
nova_516,773101,"['and below', 'side panel water cooler support no psu']",,['atx'],,,,,['Black'],['Graphite 230T'],
nova_517,773931,['crossfirex support'],,,,['ddr4'],,,,,
nova_518,779502,,,['ddr4'],,,,"['2400mhz', 'DDR4 (PC4-19200)', 'XMP 2.0, Vengeance LPX Heatsink']",,,
nova_519,782752,"['minute 230', 'jumper lightning']",,['3 hour'],,,,,,['60320 c19'],
nova_520,790801,['scratch resistant interior fabric'],,['blacktop'],,,,,,,
nova_521,792587,,,['Crucial'],,['Unbuffered'],,['20v'],,,
nova_522,794514,,,,['28 x'],,['x expansion slots 10'],,,,
nova_523,798340,,,,,,,,,,
nova_524,801668,['fast ethernet'],,,,,,,,,
nova_525,804016,,,['extend'],,,,,,,
nova_526,804919,,,['cores'],,,,,,,
nova_527,805488,['raid supported'],,,"['24 tb', '4 tb']",,['jbod 6 x 3 5 bay 5'],,,,['d2700 dual core 2 core']
nova_528,808051,['marvell armada'],,,"['16 tb', '4 tb']",['ddr3 sdram serial ata'],,,,,['dual core 2 core']
nova_529,810298,,,['3000mhz'],,,,"['Intel XMP 2.0 Memory Profile, Vengeance LPX Heat Spreader', 'DDR4 (PC4-24000)']",,,
nova_530,814170,['unlocked multiplier'],,['eight'],,['Dual channel DDR3 800/1066/1333/1600MHz'],,['4.00GHz'],,,['8350']
nova_531,815135,,,['size'],,,,,['White LED'],,
nova_532,816625,,,,,,['USB 2.0'],,"['warranty lifetime', 'Black/Blue']",,
nova_533,817800,,,,,,,"['XMP 2.0, Vengeance LPX Heatsink', 'DDR4 (PC4-21300)']",,,
nova_534,818738,['lifetime warranty'],,['ddr4'],,,,"['3200mhz', 'XMP 2.0, Dominator Platinum Heatsink, Corsair Link Enabled', 'DDR4 (PC4-25600)']",,,
nova_535,818987,['leather cream'],,['cover'],,,,,,,
nova_536,820209,,,['intel'],['128 gb'],"['ddr3l sdram ram', 'hd graphics 5500', 'ddr3l sdram']",,,,,['core i7 i7 5500u dual core 2 core']
nova_537,820736,,,,,['ddr4 2400 pc4 19200 1 20 v'],,['2400 mhz'],,,
nova_538,821118,['unlocked multiplier'],,,,['Dual channel DDR3 800/1066/1333/1600MHz'],,['3.80GHz'],,,['4300']
nova_539,825722,,,,,['ddr3 1600 pc3 12800'],,['1600 mhz'],,,
nova_540,827361,['and below 1 x 5'],,['atx'],,,,,,,
nova_541,828867,,,,['140mm 4 pin pwm rgb led 3 modes up 1500rpm'],,,,,,['4x Tap Screw']
nova_542,830497,,,['size'],,,,,['Red'],,
nova_543,831263,,,['ddr4'],,,,"['2666mhz', 'XMP 2.0, Vengeance LPX Heatsink', 'DDR4 (PC4-21300)']",['lifetime warranty'],,
nova_544,832616,,,,['4 x hd'],,,,,,
nova_545,838616,,,['superior'],,,,,,,
nova_546,839800,,,,,['c'],"['usb 1 x type c', 'usb supports', 'up to1920 x 1080']",,,,
nova_547,842892,,,,,,,"['XMP 2.0, Vengeance LPX Heatsink', 'DDR4 (PC4-24000)']",,,
nova_548,844720,,,['sockets supported'],,,,,,,
nova_549,845085,,,['size'],,,,,"['Red, White Or Blue']",,
nova_550,847726,,['lifetime warranty'],['1600mhz ram'],,['vdimm'],,['DDR3 (PC3-12800)'],,,
nova_551,847939,"['thunderbolt 3', 'thunderbolt 2']",,,['1 x'],,,,,,
nova_552,848042,,,,['140mm'],,,,,,
nova_553,848585,['pwm'],,,['120mm'],,,,,,
nova_554,848943,['capacity'],,,['32gb'],,['sd adapter included lifetime warranty'],,,,
nova_555,852239,,,['ddr4'],,,,"['XMP 2.0, Vengeance LPX Heatsink', 'DDR4 (PC4-28800)']",,,
nova_556,854316,['notebook monitor'],['widescreen'],,,,,,,,
nova_557,855767,,,['ddr4'],,,,"['3466mhz', 'DDR4', 'Vengeance RGB', '32GB Kit (4 x 8GB)']",['lifetime warranty'],,
nova_558,859136,['vga'],,"['mini itx', 'micro atx']",,"['microATX, Mini-ITX']",,,,,
nova_559,863758,,,[],,,,,,,
nova_560,863888,,,['ddr4'],,,,"['XMP 2.0, Vengeance LPX Heatsink', 'DDR4 (PC4-25600)']",,,
nova_561,869094,['armada'],,['marvell'],['3 tb'],['ddr3 sdram serial ata'],['tb'],['370800 mhz'],,,
nova_562,870126,,,['intel'],,['ddr3 sdram serial ata'],,,,,['d2700 dual core 2 core']
nova_563,878232,,['lifetime warranty'],,['1600mhz ram'],['vdimm'],,['DDR3 (PC3-12800)'],,,
nova_564,882194,"['core technology', 'warranty']",,['ten'],,['ddr4 controller'],,['3.3GHz'],,,['I9 7900X']
nova_565,883078,['95w 3 year warranty'],,['eight'],,,,['3.40GHz'],,,['Amd Ryzen™']
nova_566,883200,['warranty'],,['1333mhz ram'],,,,"['XMP, XMS3 Heatsink', 'DDR3 (PC3-10600)']",['vdimm lifetime'],,
nova_567,884781,['1 year warranty'],,,['2tb'],,"['5ms', 'SATA 6Gb/s']",,['seek time'],,
nova_568,884892,,,,,,,"['1600 mhz', 'XMP', 'DDR3 (PC3-12800)']",,,
nova_569,886422,['notebook scroll wheel symmetrical'],,,,,['1000 dpi'],,,,
nova_570,890030,,,['ddr4'],,,,"['3200mhz', 'XMP 2.0, Vengeance LPX Heatsink', 'DDR4 (PC4-25600)']",['lifetime warranty'],,
nova_571,892047,"['side panel water cooler support full', 'support no psu']",,['corsair'],,,,,['Black'],"['obsidian series 750d', 'Obsidian 750D']",
nova_572,893327,,,['sealed lead acid'],,,,,,,
nova_573,898786,['desktop'],,,,,,,,,
nova_574,904553,['stack port 5 x expansion slots'],,,['24 x rj'],,,,,,
nova_575,911171,,,['1 x marvell armada'],['12 tb'],['ddr3 sdram serial ata'],['x 3 tb'],,,,['dual core 2 core']
nova_576,917416,,,['sockets'],['200w tdp'],,,,,,
nova_577,917608,,,['intel'],,,,,,,
nova_578,917997,,,,,['ddr3 sdram serial ata'],,,,,['d2700 dual core 2 core']
nova_579,927305,['3 x pcie 3 0 x16 2 x pcie 3 0 x4 1 x pcie 3 0 x1 2'],,,,['ddr4'],,,,,
nova_580,930848,['desktop'],,,,,['2 x sfp slots 2'],,['layer supported'],,
nova_581,933019,['piano black'],,,,,,,,,
nova_582,946119,['aura sync lifetime warranty'],,['ddr4'],,,,['2400mhz'],['Black/Red'],,
nova_583,946142,,,['usb'],,,"['1 x network rj 45', 'fast ethernet']",,['external'],,
nova_584,950497,['xmp lifetime warranty'],,['ddr3'],,,,"['1866mhz', '5v', 'DDR3 (PC3-14900)', 'XMP']",,,
nova_585,952945,['memory 3 year warranty'],,,,,,,,['sata sas minisas hd pcie 3 0'],
nova_586,959637,,,['ddr4'],,,,"['2400mhz', 'XMP 2.0, Vengeance LPX Heatsink', 'DDR4 (PC4-19200)']",,,
nova_587,959885,"['all japanese capacitors', 'fan 7 year warranty']",,,,,,,,['Semi-Modular'],
nova_588,972468,['warranty'],,,,,,,,,
nova_589,980835,,,['intel'],['24 tb'],['ddr3 sdram serial ata'],,,,,['atom d2700 dual core 2 core']
nova_590,988272,,,['ddr4'],,,,"['3000mhz', 'White Led, XMP 2.0', 'DDR4 PC4-24000']",['lifetime warranty'],,
nova_591,992555,,,['arm'],,['ddr3 sdram serial ata'],,,,,['dual core 2 core']
nova_592,998411,,,,['ddr4 3200mhz'],,,"['DDR4 (PC4-25600)', 'XMP 2.0, Anodized Aluminium Heatspreader']",,,
nova_593,1000032,['slip resistant fabric twin stripe'],,['purple'],,,,,,,
nova_594,1000663,,,['3000mhz'],,,,,['lifetime warranty'],,
nova_595,1003608,['hour normal'],['economy mode'],"['uhp', '3000 hour']",,,,,,['2000'],
nova_596,1007552,['spill'],,['sealed lead acid'],,,,,,,
nova_597,1008773,,,['desktop'],['4 tb'],['ddr3 sdram serial ata'],,,,,['arm dual core 2 core']
nova_598,1011819,,,,['16 tb'],['ddr3 sdram serial ata'],,,,,
nova_599,1016829,['warranty'],,,,,,,,,
nova_600,1026805,,,['fit'],,,,,,,
nova_601,1030409,,['vrla'],['valve'],,,,,,['regulated lead acid'],
nova_602,1032111,,,,,,,,,['A40 Pro'],
nova_603,1033007,,,['iphone'],,,,,,,
nova_604,1044577,,,['ddr4'],,,,"['DDR4 PC4-24000', 'White Led, XMP 2.0']",,,
nova_605,1047981,['customisable'],,,,,,,['RGB (Red/Green/Blue Customisable)'],,
nova_606,1048564,,,,,,,['203dpi'],,,
nova_607,1049701,"['and below', 'side panel water cooler support full', 'support silent no psu']",,,,,,,,['gpu'],
nova_608,1053533,,,['marvell'],,['ddr3 sdram serial ata'],,,,,
nova_609,1056032,,,['computer s'],,['43 cm'],,,,,
nova_610,1061701,,,,,,,,,,
nova_611,1067305,,,,['500 gb'],['hd graphics 5500'],,,,,
nova_612,1067951,,,,['24 x rj 45 2 x expansion slots 10 100 1000base t 1000base x desktop rack mountable'],,,,,,
nova_613,1068934,,,,['128 gb'],,['2560 x 1440'],,,,['i7 5500u']
nova_614,1081649,,,['intel'],['12 tb'],['ddr3 sdram serial ata'],,,,,['atom d2700 dual core 2 core']
nova_615,1090304,['quad channel'],,['atx'],,['ddr4 4 x pcie 3 0 x16'],,,,,
nova_616,1093996,"['and below', 'side panel water cooler support full', 'support no psu']",,,,,,,['Black'],"['gpu', 'Carbide 330R']",
nova_617,1102138,['rack mountable'],,,['8 x expansion slots'],,,,,,
nova_618,1107162,,,,,,['4 x expansion slots 10'],,['rack mo'],,
nova_619,1109678,,,['raid supported'],,,,,,,
nova_620,1110373,,,,,,,"['Vengeance RGB', '16GB (2x8GB)', 'DDR4']",,,
nova_621,1110834,['lifetime warranty'],,,['128gb'],,,,,['u3'],
nova_622,1126034,,,['Icy Box'],,,,,,['IB-AC6034-U3'],
nova_623,1129675,['minute 230'],,,,['sealed lead acid'],['60320 c19'],,['lightning 3'],,
nova_624,1130529,['platinum fully modular corsair link'],,,,,,,,,
nova_625,1138224,,,['marvell'],['4 tb'],['ddr3 sdram serial ata 600 raid supported'],['tb'],['ram'],,,
nova_626,1140350,,,['leather'],,,,,,,
nova_627,1142492,,,,['ddr4 3200mhz'],,,"['DDR4', '32GB Kit (2 x 16GB)', 'Vengeance RGB']",,,
nova_628,1144472,"['quad core technology', 'amd coolcore technology', 'amd cool quiet v3']",,,,,,,['warranty'],,
nova_629,1149201,['open bay'],,"['2u', 'Chenbro']",,,,,,,
nova_630,1151344,,,['ddr4'],,,,"['3000mhz', 'DDR4 (PC4-24000)', 'XMP 2.0, Anodized Aluminium Heatspreader']",['lifetime warranty'],,
nova_631,1151843,['mouse video'],,,['4 x hd'],,,,,,
nova_632,1153008,,,,,,,,,,
nova_633,1157657,,,,['16 x poe 2 x rj 45 2 x expansion'],,,,,,
nova_634,1169331,['aspect 1920x1080'],,,['16 9'],,,,,,
nova_635,1177398,,,,['1600mhz ram'],,,"['DDR3 (PC3-12800)', 'XMP, XMS3 Heatsink']",,,
nova_636,1180497,['marvell armada'],,,['3 tb'],['ddr3 sdram gigabit ethernet'],['tb'],['ram'],,,
nova_637,1181799,,,,,['ieee 802'],,,,,
nova_638,1182176,['xmp lifetime warranty'],,,,,,"['1866mhz', '5v', 'XMP', 'DDR3 (PC3-14900)']",,,
nova_639,1183531,,,,['2666mhz ram'],['speed'],,"['DDR4 (PC4-21300)', 'Intel XMP 2.0 Memory Profile Dominator Platinum Heatsink Corsair Link Enabled']",['lifetime warranty'],,
nova_640,1186395,"['and below', 'side panel water cooler support full', 'support no psu']",,['atx'],,,,,['White / Red'],['Carbide SPEC-ALPHA'],
nova_641,1187811,['mx silent gaming'],,,,,,,,,
nova_642,1190393,['dc lead acid'],,,,,,,,,
nova_643,1201084,,,,,,,"['Vengeance RGB', '64GB Kit (8 x 8GB)', 'DDR4']",,,
nova_644,1208158,,,['atx'],,['ddr4 sdram'],,['maximum ram'],,,
nova_645,1210176,,,['ipad'],,,['mini 2 ipad mini 3 tablet ipad mini 4'],,['blue fabric'],,
nova_646,1216576,,,,,,,"['3466mhz', 'DDR4 (PC4-27700)', 'XMP 2.0, Anodized Aluminium Heatspreader']",['lifetime warranty'],,
nova_647,1225865,,,,,['ddr4'],,,,,
nova_648,1228607,,,,['24 tb'],['ddr3 sdram serial ata'],,,,,['intel atom d2700 dual core 2 core']
nova_649,1229971,,,['marvell'],['12 tb'],['ddr3 sdram serial ata 600 raid supported'],,['ram'],,,
nova_650,1231592,['stock manufacturer repaired'],,['b'],,['ddr3 2 x usb3'],,,,,['i5 i3 4th gen micro atx']
nova_651,1241764,,,,,,,['166mm'],,,
nova_652,1242610,['usb port s'],,['intel'],['16 tb'],['ddr3 sdram raid supported 0'],['usb 2 0 por'],,,,['atom d2700 dual core 2 core']
nova_653,1245099,['usb port s'],,,,,['usb 3 0 port s'],,,,
nova_654,1259273,,,['marvell'],,['ddr3 sdram serial ata'],,['370800 mhz'],,,
nova_655,1260468,,,['arm'],,['ddr3 sdram serial ata'],,,,,['dual core 2 core']
nova_656,1265077,,,,,['ddr4'],,,,,
nova_657,1275737,,,,,,,,,,['amd radeon vega base graphics cards']
nova_658,1283123,['quad channel'],,['atx'],,['ddr4 3 x pcie 3 0 x16'],,,,,
nova_659,1289747,['desktop'],,,,,,,,,
nova_660,1295646,,,['read'],,,,,,,
nova_661,1298458,,,['marvell armada'],,['ddr3 sdram serial ata'],,,,,['dual core 2 core']
nova_662,1301114,,,['ddr4'],,,,"['XMP 2.0, Anodized Aluminium Heatspreader', 'DDR4 (PC4-25600)']",,,
nova_663,1302629,['usb port s'],,,,,['usb 2 0 port s'],,['mac'],,
nova_664,1303108,,,['mediatek'],['64 gb'],,,,,,['quad core']
nova_665,1305827,,,,,"['ddr4 sdram', 'ddr4 2400 pc4 19200 1 20 v']",,['2400 mhz'],,,
nova_666,1315029,['usb'],,['type'],,,,,,,
nova_667,1319752,,['lifetime warranty'],,,,,['DDR4 (PC4-17000)'],,,
nova_668,1322141,['warranty'],,,['16 port'],,,,,['sata sas minisas hd pcie 3 0 3'],
nova_669,1324559,,['slots'],['stack'],,,,,,,
nova_670,1324644,['warranty'],,['ddr4'],,['cl17'],,['2400mhz'],,,
nova_671,1326292,['blue led 1200rpm'],,,,,,,,,
nova_672,1327814,,,['ipad'],,,['mini 2 ipad mini 3 tablet ipad'],,,,
nova_673,1332112,,,['usb'],,,,,,,
nova_674,1346410,,,,,,,['2400mhz'],['lifetime warranty'],,
nova_675,1347889,['sli crossfirex'],,['ryzen a'],,['ddr4 3 x usb 3'],['series athlon 7th gen atx'],,,,
nova_676,1360395,"['gpu', 'support silent no psu']",,,,,,,['Black'],['Carbide 600Q'],
nova_677,1361249,,,['intel'],,['ddr3 sdram serial ata'],,,,,
nova_678,1364898,,,,['128 gb'],['ddr3l sdram ram'],,,,,['i5 5200u dual core 2 core']
nova_679,1366599,,,['sockets supported'],,,,,,,
nova_680,1381437,,,['pci'],,,,,,,
nova_681,1385016,,,,['120 v dc'],,,,,,
nova_682,1391917,['and below'],,['atx'],,,,,,,
nova_683,1392510,,,['hdmi'],,,,,,,
nova_684,1400150,,,,,,,,,['Non-Modular'],
nova_685,1403793,,,['size'],,,,,"['Red, White Or Blue']",,
nova_686,1409424,,,['intel'],['32 gb'],['hd graphics 400 lpddr3'],,,,,
nova_687,1428338,,,,['52 x rj 45 4 x expansion slots 10 100 1000base t'],,,,,,
nova_688,1428819,,,['intel'],,['ddr3 sdram serial ata 600 raid supported 0'],,,,,
nova_689,1432408,,,,,,,['3333mhz'],,,
nova_690,1437111,['spill'],,['sealed lead acid'],,,,,,,
nova_691,1440575,,,,,['ddr4'],,,,,
nova_692,1446339,['warranty'],,,,['cl17'],,"['2400mhz', 'DDR4 (PC4-19200)']",,,
nova_693,1451526,,,['2serial'],,,,,,,
nova_694,1459066,,,,['72 tb'],['ddr3 sdram serial ata'],,,,,['intel xeon']
nova_695,1487088,,,,,,,,,,
nova_696,1490340,,,,['24 tb'],['ddr3 sdram serial ata'],,,,,['d2700 dual core 2 core']
nova_697,1507523,"['stock manufacturer repaired', 'stock manufacturer repaired']",,"['b', 'b']",,"['ddr4 4 x usb3', 'ddr4 4 x usb3']",,,,,"['i5 i3 6th gen mini itx', 'i5 i3 6th gen mini itx']"
nova_698,1516111,['radiator mount'],,,['120mm'],,,,,['Kuhler H600 Pro'],
nova_699,1517935,['processor warranty'],['unusued'],['box'],,['Dual channel DDR3 800/1066/1333/1600MHz/1866MHz'],,['4.1GHz'],,,"['amd radeontm r7 series graphics quad core technology', 'A10-7890k']"
nova_700,1524730,['nickel deisgn full cover'],,['plexi'],,,,,,,
nova_701,1532468,,,['i7'],,['ddr4 6 x usb3'],,,,,['i5 i3 6th gen atx']
nova_702,1532493,['warranty'],,,,,,,,,
nova_703,1538583,['tx 1000base t'],,,['28 x rj 45 4 x expansion slots'],,,,,,
nova_704,1550189,['desktop lifetime limited warranty'],,,,,,,,,
nova_705,1554998,,,"['eps', 'Corsair']",,,,,,['AX760'],
nova_706,1557440,,,,,,['usb 2 x dvi d video 1u rack'],,,,
nova_707,1569442,,,,['ddr4 3200mhz'],,,"['XMP 2.0, Anodized Aluminium Heatspreader', 'DDR4 (PC4-25600)']",,,
nova_708,1575061,['marvell armada'],,,,['ddr3 sdram raid supported 0'],,,,,
nova_709,1576716,,,['quad core technology'],,['ddr4'],['10MB'],"['2400 mhz', 'Yes', 'DDR4 – 1600/1866/2133/2400', '3.7GHz']",,,['Xeon E5 1630 V4']
nova_710,1587449,['and below'],,,,,,,['Black'],['VSK3000-U3'],
nova_711,1596635,['95w am4'],,,,,,['3.60GHz'],,,['Amd Ryzen™']
nova_712,1606853,,,,,,,,,,
nova_713,1610428,"['and below 7', 'watercooling support']",,['atx'],,,,,,,
nova_714,1619715,,,['sockets'],,,,,,,
nova_715,1628949,,,['uhp'],,,,,,['4500 hour 6000 hour economy mode'],
nova_716,1637749,,,,,,['ac 600 1734mbps'],,['external antenn'],,
nova_717,1641184,,,,,,,"['2400mhz', 'XMP 2.0, Vengeance LPX Heatsink', 'DDR4 (PC4-19200)']",,,
nova_718,1659979,['full cover waterblock'],['multiple'],['high performance'],,,,,,,['amd radeon vega based graphics cards']
nova_719,1663183,,,,,['ddr4'],,,,,['6600']
nova_720,1677342,['bronze semi modular 5 year warranty'],,['plus'],,,,,,,
nova_721,1680613,['psu support for pcie'],,,,,,,['vga cards'],,
nova_722,1686655,,,['intel'],['32 gb'],['hd graphics 400 lpddr3'],,,,,
nova_723,1693725,,,,['24 x rj 45'],,['24 x rj 11'],,,,
nova_724,1704368,,,['intel'],,['ddr3 sdram serial ata 600 raid supported 0'],,,,,
nova_725,1706463,,,['neoprene'],,,,,,,
nova_726,1718326,,['lifetime warranty'],['1600mhz ram'],,['vdimm'],,['DDR3 (PC3-12800)'],,,
nova_727,1720105,"['theme design', 'atx water']",,['nvidia'],,,,,,,
nova_728,1729262,['memory 3 year warranty'],,,,,,,,,
nova_729,1732426,,,['intel'],['32 gb'],"['ddr3l sdram', 'hd graphics 400', 'ddr3l sdram']",,,,,
nova_730,1738437,,,['marvell armada'],,['ddr3 sdram serial ata 600 raid supported'],,['ram'],,,
nova_731,1749588,,,['marvell armada'],['8 tb'],['ddr3 sdram serial ata 600 raid supported'],['tb'],['ram'],,,
nova_732,1759448,['flash memory'],,['intel'],['32 gb'],,,,,,
nova_733,1761585,,,,,,,['DDR3 (PC3-12800)'],,,
nova_734,1762924,,,['intel'],['32 gb'],['hd graphics 400 lpddr3'],,,,,
nova_735,1766001,,,['marvell'],,['ddr3 sdram serial ata'],,['370800 mhz'],,,
nova_736,1769010,,,,,,,,,['C40'],
nova_737,1769506,,,['intel'],['32 gb'],['hd graphics 400 lpddr3 chrome'],,,,['1366 x 768'],
nova_738,1803960,['warranty'],,['dpfp'],,,,,,,['gflops spfp']
nova_739,1806916,,,['intel'],['256 gb'],"['hd graphics 5500', 'ddr3l sdram']",['windows 7'],,,,['core i7 i7 5500u dual core 2 core']
nova_740,1942389,,,,,['ddr4 2 x usb3'],,,,,
nova_741,1962070,,,,,,,,,,
nova_742,2598769,,,,,['ddr4 2 x usb3'],,,,,
nova_743,2950439,,,,['802 11 a'],,"['wan port', '2 x usb port internal antennas']",,,,
nova_744,3021110,['support desktop'],['screen'],['up to'],,,,,,,
nova_745,3302218,,,['i7'],,['ddr4 6x'],"['usb 2', '8x usb 3 0']",,,,['i5 i3 7th gen e atx']
nova_746,3795671,,,,,['ddr4 2 x usb3'],,,,,['i5 i3 6th gen atx']
nova_747,3951479,['quad channel'],,['atx'],,['ddr4 4 x pcie 3 0 x16'],,,,,
nova_748,4023100,,,['usb'],,,['usb type mini b'],,,,
nova_749,4027224,,"['memory', 'avivo hd']",['750mhz'],,['gddr5'],"['HDMI 1080P', '128bit']",['3200mhz'],,,
nova_750,4591230,['Hard drive - internal'],,,['2tb'],,,,,,
nova_751,5217652,['stock manufacturer repaired'],,['b'],,['ddr4 2 x usb3'],,,,,['i5 i3 7th gen atx']
nova_752,5485435,,,['experience'],,,,,,,
nova_753,5506063,,,,,,,,,,
nova_754,5506067,,,,,,,,,,
nova_755,5506078,['wireless'],,,,['1900 mbit'],,,,,
nova_756,5506122,['desktop'],,,,,['x network port 1 x broadband port'],,,,
nova_757,5506125,,,['2 48'],,,"['x external 3200 mbit s', 'x network port 1 x broadband port usb gigabi']",,,,
nova_758,5625105,,,['amd'],,['gigabyte 970a'],,['1600mhz'],,,
nova_759,5811402,['internal storage'],,['1024x600'],,,,,,,
nova_760,5811421,['internal storage'],,['2048x1536'],['16gb'],,,,,,
nova_761,5882472,['optical fibe'],,,,,,,,,
nova_762,5882486,,['modular'],['network'],,,,,,,
nova_763,6527060,['usb'],,['bit color'],,,,,,,
nova_764,6527484,['wireless transmission'],,['ism band'],,,,,,,
nova_765,6550426,['Hard drive - internal'],,,,,['Serial ATA II'],['128mb'],,,
nova_766,6568001,['Hard drive - internal'],,,['3tb'],,,,,,
nova_767,7433812,,,['1354mhz'],,,,,,,
nova_768,7880511,,,,['3840 x 2160 8ms dp'],,['hdmi 4 x usb 3 0 downstream 1 x usb upstream'],,,,
nova_769,8118094,['a4'],,['lga'],,,['lga1366 lga1156 lga1155'],,,['C400'],
nova_770,8118095,,,,,,,,,['A30'],
nova_771,8224126,,,,,,,,['Emperor Blue'],,
nova_772,8224353,,,,,,,,['Smokey'],,
nova_773,8224408,,,['size'],,,,,['Emperor Blue'],,
nova_774,8390725,['microatx atx'],,"['motherboard', 'Antec']",,,,,,"['support mini itx', 'P280']",
nova_775,8685017,"['support mini itx', 'microatx atx drive bays']",,"['motherboard', 'be quiet!']",,,,,,['600 Silver Windowed'],
nova_776,9066417,"['ergonomic palm', 'rest convex silicon keys l key shoots', 'modes armor boot durable metal x glide']",,['doublesecure water resistant keyboard'],,,,,,,
nova_777,9341363,['stock manufacturer repaired'],,,,['ddr4 4 x usb3 8 x usb2 4 x sata3 1 x pcie x16 2 x pcie x1'],,,,,['i5 i3 6th gen micro atx']
nova_778,10581601,,,['usb wireless'],,,"['usb wireless', 'wheel qwerty']",,['computer'],,
nova_779,10581602,"['uk keyboard', 'usb port s']",,,,,,,,,
nova_780,10581616,['usb port s'],,['dvd'],,,,,,['intel hd graphics 630 graphics hdmi'],
nova_781,10581617,['usb port s'],,['intel'],,,,,,,
nova_782,10581618,,,['intel'],,,,,,,
nova_783,10581619,['usb port s'],,['dvd'],,,,,,['intel hd graphics 630 graphics hdmi 10 x total'],
nova_784,10581622,['usb port s'],,['intel'],,,,,,,
nova_785,10581624,"['keyboard', 'usb port s']",['swiss'],['dvd'],,,,,,['intel hd graphics 630 graphics'],
nova_786,10581627,['usb port s'],,,,,,,,,
nova_787,10581844,['computer notebook touch scroll'],,['bluetooth'],,,,,,['1000 dpi'],
nova_788,10581869,,,['2 x network rj 45'],,,['24 x sfp slots 2 x sfp'],,,,
nova_789,10581884,['usb port s'],,['intel'],,,,,,,
nova_790,10581885,['usb port s'],,['dvd'],,,,,,['intel hd graphics 630 graphics hdmi 8 x total'],
nova_791,10581886,,,['intel'],['16 gb'],,,,,['1366 x 768'],
nova_792,10581895,,,['intel'],['32 gb'],,,,,['1366 x 768'],['celeron 3855u dual core 2 core']
nova_793,10581919,,,['intel'],['128 gb'],['ddr4 sdram'],,,,,
nova_794,10581925,['uk compatible with'],['server volume'],['usb interface'],,,,,,,
nova_795,11211496,['stock manufacturer refurbished'],,,,['ddr4 14 x usb3'],['series athlon 7th gen atx'],,,,
nova_796,11696174,['led backlit'],,['1920 x 1200'],,,['m2 brightness 8ms'],,,,
nova_797,12130845,,,['fastest'],['20 - 70 C'],,['transfer rate'],,,,
nova_798,12362782,['modular design'],,['unmatched'],,,,,,,
nova_799,12362810,['plexi design fits'],,['copper'],,,,,,,
nova_800,12577267,['ddr4'],,['micro atx'],,,,,,,
nova_801,12959468,,,['cores'],,,,,,,
nova_802,13166625,,,,,['ddr4 4 x usb3'],,,,,['i5 i3 6th gen micro atx']
nova_803,13166678,,,,,['ddr4 4 x usb3'],,,,,['i5 i3 6th gen micro atx']
nova_804,13227602,['seek time'],['average'],,['500gb'],,,,,['sata interface'],
nova_805,13742704,,,['sockets'],,,,,,,
nova_806,13825393,,,['usb'],,,,,['external'],['867 mbit s'],
nova_807,13825435,,,['pci express'],,,,,,,
nova_808,13825474,,,['usb'],,,,,,,
nova_809,14368288,"['coverage leather design', 'film stand keyboard stand']",,['full'],,,,,,,
nova_810,14512172,['stock item warranty'],,['b'],,,['series athlon 7th gen matx ddr4 2 x usb 3'],,,,
nova_811,14795705,,,['i7'],,['ddr4 6 x usb3'],,,,,['i5 i3 7th gen micro atx']
nova_812,15067353,,,,,,,,,,
nova_813,15549395,,,,['120mm'],['18 leds'],,,,,
nova_814,15742478,,,['optimized'],['10tb'],,"['do more with', 'multi user technology']",,,,
nova_815,15798489,['lightning computer notebook touch scroll'],,['bluetooth'],,,,,,,
nova_816,15798977,['bluetooth'],,['mac'],,,,,,,
nova_817,15799898,"['lightning digital compass gyro', 'sensor accelerometer barometer', 'front cam']",,['wireless'],,,,,['ambient'],,
nova_818,15799911,['sensor accelerometer barometer'],,['wireless'],,,,,['ambient'],,
nova_819,15799912,['sensor accelerometer barometer'],,['wireless'],,,,,['ambient'],,
nova_820,15799913,['sensor accelerometer barometer'],,['wireless'],,,,,['ambient'],,
nova_821,15799915,"['lightning digital compass gyro', 'sensor accelerometer barometer', 'front cam']",,['wireless'],,,,,['ambient'],,
nova_822,15799917,"['lightning digital compass gyro', 'sensor accelerometer barometer', 'front cam']",,['wireless'],,,,,['ambient'],,
nova_823,15799919,"['sensor accelerometer barometer', 'front cam']",,['wireless'],,,,,['ambient'],,
nova_824,15799921,"['sensor accelerometer barometer', 'front cam']",,,,,,,['ambient'],,
nova_825,15799923,"['sensor accelerometer barometer', 'front cam']",,['wireless'],,,,,['ambient'],,
nova_826,15799924,"['lightning digital compass gyro', 'sensor accelerometer barometer', 'front cam']",,['wireless'],,,,,['ambient'],,
nova_827,15799925,"['lightning digital compass gyro', 'sensor accelerometer barometer', 'front cam']",,['wireless'],,,,,['ambient'],,
nova_828,15799937,['sensor accelerometer barometer'],,['wireless'],,,,,['ambient'],,
nova_829,15799938,,,['lightning interface'],,,,,,,
nova_830,15799939,['sensor accelerometer barometer'],,['wireless'],,,,,['ambient'],,
nova_831,15799940,['sensor accelerometer barometer'],,,,,,,['ambient'],,
nova_832,15799941,['sensor accelerometer barometer'],,['wireless'],,,,,['ambient'],,
nova_833,15799943,,,['apple'],,,['ios 9 2048 x 1536 retina display'],,,['cdma2000'],['rose gold']
nova_834,15799945,,,['apple'],,,['ios 9 2048 x 1536 retina display'],,,['cdma2000'],
nova_835,15799951,['sensor accelerometer barometer'],,['wireless'],,,,,['ambient'],,
nova_836,15799952,['sensor accelerometer barometer'],,,,,,,['ambient'],,
nova_837,15799953,"['lightning digital compass gyro', 'sensor accelerometer barometer', 'front cam']",,['wireless'],,,,,['ambient'],,
nova_838,15799957,['sensor accelerometer barometer'],,,,,,,['ambient'],,
nova_839,15799958,"['lightning digital compass gyro', 'sensor accelerometer barometer']",,['wireless'],,,,,['ambient'],,
nova_840,15799963,,,['apple'],,,['ios 9 2048 x 1536 retina display'],,,,['rose gold']
nova_841,15799964,,,['apple'],,,['ios 9 2048 x 1536 retina display'],,,,
nova_842,15799965,['silver'],,['apple'],,,['ios 9 2048 x 1536 retina display'],,,,
nova_843,15799966,,,['apple'],,,['ios 9 2048 x 1536 retina display'],,,['cdma2000'],
nova_844,15799967,['silver'],,['apple'],,,['ios 9 2048 x 1536 retina display'],,,['cdma2000'],
nova_845,15799969,,,['apple'],,,['ios 9 2048 x 1536 retina display'],,,['cdma2000'],['rose gold']
nova_846,15799973,['sensor acceler'],,,,,,,,,
nova_847,15799975,['apple'],,,['2 gb'],,['ios 9 2048 x 1536 retina'],,,,
nova_848,15799988,['sensor acceler'],,,,,,,,,
nova_849,15799989,['retina display'],,['apple'],"['4 gb', '256 gb']",,"['ios 9', '2732 x 2048']",,,,
nova_850,15799990,"['graphics lightning digital compass gyro', 'sensor']",,['4'],,,,,,,
nova_851,15799991,['sensor accelerometer barometer'],,['wireless'],,,,,['ambient'],,
nova_852,15799992,['sensor accelerometer barometer'],,['apple'],,,,,,,
nova_853,15799996,,,['apple'],['128 gb'],,['ios 9 2048 x 1536 retina display'],,,,['rose gold']
nova_854,15799997,,,,,,,,,,
nova_855,15799998,,,['apple'],,,['ios 9 2048 x 1536 retina'],,,,
nova_856,15799999,['sensor acceler'],,,,,,,,,
nova_857,15800008,,['apple'],,,,,,,,
nova_858,15800009,['apple'],,,['2 gb'],,['ios 9 2048 x 1536 retina'],,,,
nova_859,15800010,,,['apple'],,,['ios 9 2048 x 1536 retina display'],,,,['space gray']
nova_860,15800012,,,['apple'],,,['ios 9 2048 x 1536 retina'],,,,
nova_861,15800016,['sensor accelerometer barometer'],,['wireless'],,,,,['ambient'],,
nova_862,15800017,['sensor accelerometer barometer'],,['wireless'],,,,,['ambient'],,
nova_863,15800018,['sensor accelerometer barometer'],,['wireless'],,,,,['ambient'],,
nova_864,16085910,,,,,['ddr3 6 x usb3'],,,,,['i5 i3 4th gen micro atx']
nova_865,16309848,,,['i7'],,['ddr4 10 x usb3'],,,,,['i5 i3 7th gen atx']
